plant,oc_ext_12m,lineas_12m,proveedores_12m,ult_oc_ext,oc_ext_24m,traslados_12m,ventana_desde,ventana_hasta,extraido
0001,0,0,0,,0,0,2025-09-25,2026-09-25,2026-09-25T05:57:47+00:00
0003,0,0,0,,0,0,2025-09-25,2026-09-25,2026-09-25T05:57:47+00:00
CDG1,111,671,15,2026-09-24,258,405,2025-09-25,2026-09-25,2026-09-25T05:57:47+00:00
CDG2,0,0,0,,0,0,2025-09-25,2026-09-25,2026-09-25T05:57:47+00:00
CGAM,168,502,19,2026-09-23,310,285,2025-09-25,2026-09-25,2026-09-25T05:57:47+00:00
EC01,0,0,0,,0,0,2025-09-25,2026-09-25,2026-09-25T05:57:47+00:00
EM01,0,0,0,,0,0,2025-09-25,2026-09-25,2026-09-25T05:57:47+00:00
G001,497,4406,18,2026-09-23,1071,1900,2025-09-25,2026-09-25,2026-09-25T05:57:47+00:00
G002,1,1,1,2026-09-04,15,995,2025-09-25,2026-09-25,2026-09-25T05:57:47+00:00
G003,3,104,2,2026-06-01,16,1001,2025-09-25,2026-09-25,2026-09-25T05:57:47+00:00
G004,5,112,4,2026-08-15,11,1071,2025-09-25,2026-09-25,2026-09-25T05:57:47+00:00
G005,0,0,0,,0,0,2025-09-25,2026-09-25,2026-09-25T05:57:47+00:00
G050,29,244,1,2026-09-21,29,9,2025-09-25,2026-09-25,2026-09-25T05:57:47+00:00
G101,476,4297,17,2026-09-23,1014,2272,2025-09-25,2026-09-25,2026-09-25T05:57:47+00:00
G102,79,518,5,2026-09-23,182,839,2025-09-25,2026-09-25,2026-09-25T05:57:47+00:00
G103,86,537,3,2026-09-23,192,1399,2025-09-25,2026-09-25,2026-09-25T05:57:47+00:00
G104,1,1,1,2026-09-04,1,6,2025-09-25,2026-09-25,2026-09-25T05:57:47+00:00
G105,0,0,0,,0,0,2025-09-25,2026-09-25,2026-09-25T05:57:47+00:00
G201,700,5887,22,2026-09-23,1430,4009,2025-09-25,2026-09-25,2026-09-25T05:57:47+00:00
G202,2,101,1,2026-02-13,3,1589,2025-09-25,2026-09-25,2026-09-25T05:57:47+00:00
G203,1,50,1,2025-10-20,2,1365,2025-09-25,2026-09-25,2026-09-25T05:57:47+00:00
G204,23,341,5,2026-09-14,50,1646,2025-09-25,2026-09-25,2026-09-25T05:57:47+00:00
G206,42,326,6,2026-09-23,46,1230,2025-09-25,2026-09-25,2026-09-25T05:57:47+00:00
G207,440,4650,19,2026-09-23,917,2532,2025-09-25,2026-09-25,2026-09-25T05:57:47+00:00
G250,42,332,1,2026-09-22,42,9,2025-09-25,2026-09-25,2026-09-25T05:57:47+00:00
G301,198,1396,8,2026-09-15,434,1866,2025-09-25,2026-09-25,2026-09-25T05:57:47+00:00
G302,13,133,3,2026-09-15,31,379,2025-09-25,2026-09-25,2026-09-25T05:57:47+00:00
G304,0,0,0,,0,0,2025-09-25,2026-09-25,2026-09-25T05:57:47+00:00
G305,399,3120,18,2026-09-23,812,1395,2025-09-25,2026-09-25,2026-09-25T05:57:47+00:00
G306,189,1363,10,2026-09-23,369,1600,2025-09-25,2026-09-25,2026-09-25T05:57:47+00:00
G350,48,269,1,2026-09-22,48,11,2025-09-25,2026-09-25,2026-09-25T05:57:47+00:00
G401,2,100,1,2026-05-12,5,448,2025-09-25,2026-09-25,2026-09-25T05:57:47+00:00
G402,2,36,2,2026-06-01,11,1193,2025-09-25,2026-09-25,2026-09-25T05:57:47+00:00
G403,542,4321,19,2026-09-24,1145,2249,2025-09-25,2026-09-25,2026-09-25T05:57:47+00:00
G501,218,1870,8,2026-09-23,469,1100,2025-09-25,2026-09-25,2026-09-25T05:57:47+00:00
G502,165,1543,11,2026-09-23,318,3220,2025-09-25,2026-09-25,2026-09-25T05:57:47+00:00
G503,485,3757,22,2026-09-24,1027,1533,2025-09-25,2026-09-25,2026-09-25T05:57:47+00:00
G504,163,1697,19,2026-09-23,163,1060,2025-09-25,2026-09-25,2026-09-25T05:57:47+00:00
G601,638,5618,20,2026-09-23,1358,3236,2025-09-25,2026-09-25,2026-09-25T05:57:47+00:00
G602,120,939,9,2026-09-23,261,940,2025-09-25,2026-09-25,2026-09-25T05:57:47+00:00
G603,6,111,4,2026-09-15,12,378,2025-09-25,2026-09-25,2026-09-25T05:57:47+00:00
G604,76,388,6,2026-09-18,220,123,2025-09-25,2026-09-25,2026-09-25T05:57:47+00:00
G605,0,0,0,,0,0,2025-09-25,2026-09-25,2026-09-25T05:57:47+00:00
G606,80,461,6,2026-09-23,194,347,2025-09-25,2026-09-25,2026-09-25T05:57:47+00:00
G607,8,205,3,2026-06-30,33,320,2025-09-25,2026-09-25,2026-09-25T05:57:47+00:00
G701,384,1399,22,2026-09-23,763,1215,2025-09-25,2026-09-25,2026-09-25T05:57:47+00:00
G702,0,0,0,,1,128,2025-09-25,2026-09-25,2026-09-25T05:57:47+00:00
G703,0,0,0,,0,0,2025-09-25,2026-09-25,2026-09-25T05:57:47+00:00
G704,3,79,3,2026-06-25,3,572,2025-09-25,2026-09-25,2026-09-25T05:57:47+00:00
G801,0,0,0,,2,301,2025-09-25,2026-09-25,2026-09-25T05:57:47+00:00
GAMC,0,0,0,,0,0,2025-09-25,2026-09-25,2026-09-25T05:57:47+00:00
GM01,17,18,2,2026-08-25,24,2,2025-09-25,2026-09-25,2026-09-25T05:57:47+00:00
IGAM,0,0,0,,8,0,2025-09-25,2026-09-25,2026-09-25T05:57:47+00:00
M000,0,0,0,,0,0,2025-09-25,2026-09-25,2026-09-25T05:57:47+00:00
M001,157,1053,4,2026-09-24,287,130,2025-09-25,2026-09-25,2026-09-25T05:57:47+00:00
M002,113,767,5,2026-09-15,202,78,2025-09-25,2026-09-25,2026-09-25T05:57:47+00:00
M003,0,0,0,,0,0,2025-09-25,2026-09-25,2026-09-25T05:57:47+00:00
M004,216,1974,13,2026-09-21,410,508,2025-09-25,2026-09-25,2026-09-25T05:57:47+00:00
M005,57,565,3,2026-09-15,98,17,2025-09-25,2026-09-25,2026-09-25T05:57:47+00:00
M101,315,2738,14,2026-09-24,700,859,2025-09-25,2026-09-25,2026-09-25T05:57:47+00:00
M102,0,0,0,,0,0,2025-09-25,2026-09-25,2026-09-25T05:57:47+00:00
M103,4,23,3,2026-04-21,7,319,2025-09-25,2026-09-25,2026-09-25T05:57:47+00:00
M104,3,17,3,2026-04-21,4,323,2025-09-25,2026-09-25,2026-09-25T05:57:47+00:00
M105,4,21,3,2026-04-21,5,236,2025-09-25,2026-09-25,2026-09-25T05:57:47+00:00
M106,0,0,0,,0,0,2025-09-25,2026-09-25,2026-09-25T05:57:47+00:00
M107,0,0,0,,0,0,2025-09-25,2026-09-25,2026-09-25T05:57:47+00:00
M108,156,1055,9,2026-09-21,351,1153,2025-09-25,2026-09-25,2026-09-25T05:57:47+00:00
M109,185,2201,12,2026-09-24,383,416,2025-09-25,2026-09-25,2026-09-25T05:57:47+00:00
M110,101,1021,4,2026-09-21,245,586,2025-09-25,2026-09-25,2026-09-25T05:57:47+00:00
M111,0,0,0,,0,0,2025-09-25,2026-09-25,2026-09-25T05:57:47+00:00
M112,92,847,5,2026-09-18,205,69,2025-09-25,2026-09-25,2026-09-25T05:57:47+00:00
M113,95,811,6,2026-09-18,199,89,2025-09-25,2026-09-25,2026-09-25T05:57:47+00:00
M114,4,17,4,2026-04-21,9,341,2025-09-25,2026-09-25,2026-09-25T05:57:47+00:00
M115,397,4093,14,2026-09-24,876,1598,2025-09-25,2026-09-25,2026-09-25T05:57:47+00:00
M116,0,0,0,,0,0,2025-09-25,2026-09-25,2026-09-25T05:57:47+00:00
M117,162,1132,7,2026-09-21,364,804,2025-09-25,2026-09-25,2026-09-25T05:57:47+00:00
M118,315,3387,14,2026-09-24,686,1042,2025-09-25,2026-09-25,2026-09-25T05:57:47+00:00
M119,0,0,0,,0,0,2025-09-25,2026-09-25,2026-09-25T05:57:47+00:00
M120,62,500,3,2026-09-18,144,62,2025-09-25,2026-09-25,2026-09-25T05:57:47+00:00
M121,351,3850,14,2026-09-24,791,2092,2025-09-25,2026-09-25,2026-09-25T05:57:47+00:00
M122,128,672,9,2026-09-21,279,700,2025-09-25,2026-09-25,2026-09-25T05:57:47+00:00
M123,111,607,7,2026-09-21,254,418,2025-09-25,2026-09-25,2026-09-25T05:57:47+00:00
M124,0,0,0,,0,0,2025-09-25,2026-09-25,2026-09-25T05:57:47+00:00
M125,82,713,5,2026-09-18,186,34,2025-09-25,2026-09-25,2026-09-25T05:57:47+00:00
M201,294,2589,15,2026-09-24,634,1045,2025-09-25,2026-09-25,2026-09-25T05:57:47+00:00
M202,0,0,0,,0,0,2025-09-25,2026-09-25,2026-09-25T05:57:47+00:00
M203,360,3499,15,2026-09-24,814,1354,2025-09-25,2026-09-25,2026-09-25T05:57:47+00:00
M204,0,0,0,,0,0,2025-09-25,2026-09-25,2026-09-25T05:57:47+00:00
M205,5,185,3,2026-04-21,15,327,2025-09-25,2026-09-25,2026-09-25T05:57:47+00:00
M206,0,0,0,,0,0,2025-09-25,2026-09-25,2026-09-25T05:57:47+00:00
M207,156,1082,8,2026-09-21,360,390,2025-09-25,2026-09-25,2026-09-25T05:57:47+00:00
M208,0,0,0,,0,0,2025-09-25,2026-09-25,2026-09-25T05:57:47+00:00
M209,0,0,0,,0,0,2025-09-25,2026-09-25,2026-09-25T05:57:47+00:00
M210,7,123,4,2026-04-21,55,357,2025-09-25,2026-09-25,2026-09-25T05:57:47+00:00
M211,0,0,0,,0,0,2025-09-25,2026-09-25,2026-09-25T05:57:47+00:00
M212,157,1183,10,2026-09-23,307,644,2025-09-25,2026-09-25,2026-09-25T05:57:47+00:00
M213,158,812,9,2026-09-21,320,562,2025-09-25,2026-09-25,2026-09-25T05:57:47+00:00
M214,268,1916,16,2026-09-24,543,681,2025-09-25,2026-09-25,2026-09-25T05:57:47+00:00
M215,0,0,0,,0,0,2025-09-25,2026-09-25,2026-09-25T05:57:47+00:00
M216,157,1285,9,2026-09-21,329,754,2025-09-25,2026-09-25,2026-09-25T05:57:47+00:00
M217,5,24,3,2026-07-30,8,284,2025-09-25,2026-09-25,2026-09-25T05:57:47+00:00
M218,94,414,6,2026-09-21,226,76,2025-09-25,2026-09-25,2026-09-25T05:57:47+00:00
M219,259,2405,12,2026-09-24,580,890,2025-09-25,2026-09-25,2026-09-25T05:57:47+00:00
M220,0,0,0,,0,0,2025-09-25,2026-09-25,2026-09-25T05:57:47+00:00
M221,0,0,0,,0,0,2025-09-25,2026-09-25,2026-09-25T05:57:47+00:00
M222,0,0,0,,0,0,2025-09-25,2026-09-25,2026-09-25T05:57:47+00:00
M223,0,0,0,,0,1,2025-09-25,2026-09-25,2026-09-25T05:57:47+00:00
M301,0,0,0,,0,0,2025-09-25,2026-09-25,2026-09-25T05:57:47+00:00
M302,0,0,0,,0,154,2025-09-25,2026-09-25,2026-09-25T05:57:47+00:00
M303,2,15,2,2026-04-21,3,235,2025-09-25,2026-09-25,2026-09-25T05:57:47+00:00
M304,30,238,4,2026-09-21,65,691,2025-09-25,2026-09-25,2026-09-25T05:57:47+00:00
M305,42,417,4,2026-09-21,83,1187,2025-09-25,2026-09-25,2026-09-25T05:57:47+00:00
M306,269,2495,12,2026-09-21,745,895,2025-09-25,2026-09-25,2026-09-25T05:57:47+00:00
M307,0,0,0,,0,0,2025-09-25,2026-09-25,2026-09-25T05:57:47+00:00
M308,41,326,5,2026-09-21,81,486,2025-09-25,2026-09-25,2026-09-25T05:57:47+00:00
M309,5,66,3,2026-06-16,8,70,2025-09-25,2026-09-25,2026-09-25T05:57:47+00:00
M310,135,1413,12,2026-09-21,241,2741,2025-09-25,2026-09-25,2026-09-25T05:57:47+00:00
M311,0,0,0,,0,0,2025-09-25,2026-09-25,2026-09-25T05:57:47+00:00
M312,4,27,3,2026-04-21,13,212,2025-09-25,2026-09-25,2026-09-25T05:57:47+00:00
M313,3,16,3,2026-04-21,9,4,2025-09-25,2026-09-25,2026-09-25T05:57:47+00:00
M314,4,14,3,2026-06-04,12,293,2025-09-25,2026-09-25,2026-09-25T05:57:47+00:00
M315,342,3606,12,2026-09-24,736,902,2025-09-25,2026-09-25,2026-09-25T05:57:47+00:00
M316,0,0,0,,1,149,2025-09-25,2026-09-25,2026-09-25T05:57:47+00:00
M317,450,4526,20,2026-09-24,742,3068,2025-09-25,2026-09-25,2026-09-25T05:57:47+00:00
M318,0,0,0,,1,22,2025-09-25,2026-09-25,2026-09-25T05:57:47+00:00
M319,11,116,1,2026-07-27,52,6,2025-09-25,2026-09-25,2026-09-25T05:57:47+00:00
M320,0,0,0,,0,0,2025-09-25,2026-09-25,2026-09-25T05:57:47+00:00
M401,223,2344,10,2026-09-23,457,758,2025-09-25,2026-09-25,2026-09-25T05:57:47+00:00
M402,2,8,2,2026-09-23,9,287,2025-09-25,2026-09-25,2026-09-25T05:57:47+00:00
M403,0,0,0,,0,0,2025-09-25,2026-09-25,2026-09-25T05:57:47+00:00
M404,0,0,0,,0,0,2025-09-25,2026-09-25,2026-09-25T05:57:47+00:00
M405,0,0,0,,0,0,2025-09-25,2026-09-25,2026-09-25T05:57:47+00:00
M406,166,2155,11,2026-09-21,335,817,2025-09-25,2026-09-25,2026-09-25T05:57:47+00:00
M407,0,0,0,,0,0,2025-09-25,2026-09-25,2026-09-25T05:57:47+00:00
M408,0,0,0,,0,0,2025-09-25,2026-09-25,2026-09-25T05:57:47+00:00
M409,97,799,5,2026-09-21,217,129,2025-09-25,2026-09-25,2026-09-25T05:57:47+00:00
M410,0,0,0,,1,0,2025-09-25,2026-09-25,2026-09-25T05:57:47+00:00
M411,1,2,1,2026-08-07,2,12,2025-09-25,2026-09-25,2026-09-25T05:57:47+00:00
M412,1,51,1,2026-04-20,1,29,2025-09-25,2026-09-25,2026-09-25T05:57:47+00:00
M413,17,184,5,2026-09-14,31,13,2025-09-25,2026-09-25,2026-09-25T05:57:47+00:00
M414,154,1474,11,2026-09-23,316,451,2025-09-25,2026-09-25,2026-09-25T05:57:47+00:00
M415,133,1193,10,2026-09-23,273,177,2025-09-25,2026-09-25,2026-09-25T05:57:47+00:00
M416,131,1261,10,2026-09-11,262,391,2025-09-25,2026-09-25,2026-09-25T05:57:47+00:00
M417,135,1042,10,2026-09-17,237,322,2025-09-25,2026-09-25,2026-09-25T05:57:47+00:00
M418,65,586,9,2026-09-17,133,117,2025-09-25,2026-09-25,2026-09-25T05:57:47+00:00
M419,51,561,9,2026-09-14,118,202,2025-09-25,2026-09-25,2026-09-25T05:57:47+00:00
M420,2,55,2,2026-08-05,4,26,2025-09-25,2026-09-25,2026-09-25T05:57:47+00:00
M421,152,1532,9,2026-09-23,299,158,2025-09-25,2026-09-25,2026-09-25T05:57:47+00:00
M422,0,0,0,,0,0,2025-09-25,2026-09-25,2026-09-25T05:57:47+00:00
M423,413,4065,18,2026-09-22,890,1772,2025-09-25,2026-09-25,2026-09-25T05:57:47+00:00
M424,71,881,9,2026-09-14,163,135,2025-09-25,2026-09-25,2026-09-25T05:57:47+00:00
M425,0,0,0,,0,0,2025-09-25,2026-09-25,2026-09-25T05:57:47+00:00
M426,94,758,6,2026-09-14,188,559,2025-09-25,2026-09-25,2026-09-25T05:57:47+00:00
M427,0,0,0,,0,0,2025-09-25,2026-09-25,2026-09-25T05:57:47+00:00
M428,231,2132,13,2026-09-23,453,763,2025-09-25,2026-09-25,2026-09-25T05:57:47+00:00
M429,4,28,4,2026-06-15,7,56,2025-09-25,2026-09-25,2026-09-25T05:57:47+00:00
M430,0,0,0,,0,0,2025-09-25,2026-09-25,2026-09-25T05:57:47+00:00
M431,122,1186,10,2026-09-21,237,436,2025-09-25,2026-09-25,2026-09-25T05:57:47+00:00
M432,1,4,1,2026-04-29,2,15,2025-09-25,2026-09-25,2026-09-25T05:57:47+00:00
M433,2,5,2,2026-04-29,3,19,2025-09-25,2026-09-25,2026-09-25T05:57:47+00:00
M434,0,0,0,,0,0,2025-09-25,2026-09-25,2026-09-25T05:57:47+00:00
M435,256,3109,11,2026-09-21,508,1269,2025-09-25,2026-09-25,2026-09-25T05:57:47+00:00
M436,1,9,1,2026-01-26,3,132,2025-09-25,2026-09-25,2026-09-25T05:57:47+00:00
M437,3,9,2,2026-05-25,6,235,2025-09-25,2026-09-25,2026-09-25T05:57:47+00:00
M438,0,0,0,,0,0,2025-09-25,2026-09-25,2026-09-25T05:57:47+00:00
M439,219,2312,12,2026-09-17,462,1145,2025-09-25,2026-09-25,2026-09-25T05:57:47+00:00
M440,0,0,0,,0,0,2025-09-25,2026-09-25,2026-09-25T05:57:47+00:00
M441,10,160,3,2026-07-28,25,442,2025-09-25,2026-09-25,2026-09-25T05:57:47+00:00
M442,0,0,0,,0,0,2025-09-25,2026-09-25,2026-09-25T05:57:47+00:00
M443,0,0,0,,0,0,2025-09-25,2026-09-25,2026-09-25T05:57:47+00:00
M444,0,0,0,,0,0,2025-09-25,2026-09-25,2026-09-25T05:57:47+00:00
M501,305,2731,16,2026-09-24,564,1805,2025-09-25,2026-09-25,2026-09-25T05:57:47+00:00
M502,3,12,3,2026-09-23,7,396,2025-09-25,2026-09-25,2026-09-25T05:57:47+00:00
M503,2,6,2,2026-02-10,7,2156,2025-09-25,2026-09-25,2026-09-25T05:57:47+00:00
M504,313,2035,5,2026-09-22,588,258,2025-09-25,2026-09-25,2026-09-25T05:57:47+00:00
M505,273,2244,15,2026-09-24,624,1067,2025-09-25,2026-09-25,2026-09-25T05:57:47+00:00
M506,7,27,5,2026-07-17,15,263,2025-09-25,2026-09-25,2026-09-25T05:57:47+00:00
M507,0,0,0,,0,0,2025-09-25,2026-09-25,2026-09-25T05:57:47+00:00
M508,178,1461,11,2026-09-18,406,537,2025-09-25,2026-09-25,2026-09-25T05:57:47+00:00
M509,0,0,0,,0,0,2025-09-25,2026-09-25,2026-09-25T05:57:47+00:00
M510,2,15,2,2026-01-26,9,175,2025-09-25,2026-09-25,2026-09-25T05:57:47+00:00
M511,131,1083,10,2026-09-14,328,1074,2025-09-25,2026-09-25,2026-09-25T05:57:47+00:00
M512,214,1688,15,2026-09-24,425,418,2025-09-25,2026-09-25,2026-09-25T05:57:47+00:00
M513,0,0,0,,0,0,2025-09-25,2026-09-25,2026-09-25T05:57:47+00:00
M514,0,0,0,,0,0,2025-09-25,2026-09-25,2026-09-25T05:57:47+00:00
M515,268,2299,14,2026-09-24,539,523,2025-09-25,2026-09-25,2026-09-25T05:57:47+00:00
M516,3,28,2,2026-02-10,5,119,2025-09-25,2026-09-25,2026-09-25T05:57:47+00:00
M517,163,906,3,2026-09-18,315,169,2025-09-25,2026-09-25,2026-09-25T05:57:47+00:00
M518,0,0,0,,0,0,2025-09-25,2026-09-25,2026-09-25T05:57:47+00:00
M519,272,2358,12,2026-09-24,489,1367,2025-09-25,2026-09-25,2026-09-25T05:57:47+00:00
M520,4,11,4,2026-03-26,7,407,2025-09-25,2026-09-25,2026-09-25T05:57:47+00:00
M521,0,0,0,,0,0,2025-09-25,2026-09-25,2026-09-25T05:57:47+00:00
M522,0,0,0,,0,0,2025-09-25,2026-09-25,2026-09-25T05:57:47+00:00
M523,154,878,5,2026-09-24,323,663,2025-09-25,2026-09-25,2026-09-25T05:57:47+00:00
M524,0,0,0,,0,0,2025-09-25,2026-09-25,2026-09-25T05:57:47+00:00
M525,1,1,1,2025-11-24,2,2,2025-09-25,2026-09-25,2026-09-25T05:57:47+00:00
M526,3,18,3,2026-07-17,4,194,2025-09-25,2026-09-25,2026-09-25T05:57:47+00:00
M527,340,3780,17,2026-09-24,703,2111,2025-09-25,2026-09-25,2026-09-25T05:57:47+00:00
M528,4,61,3,2026-05-06,10,1,2025-09-25,2026-09-25,2026-09-25T05:57:47+00:00
M529,3,14,3,2026-07-17,3,2,2025-09-25,2026-09-25,2026-09-25T05:57:47+00:00
M530,3,62,3,2026-04-15,6,1,2025-09-25,2026-09-25,2026-09-25T05:57:47+00:00
M531,2,10,2,2026-01-23,5,13,2025-09-25,2026-09-25,2026-09-25T05:57:47+00:00
M532,3,60,3,2026-04-15,6,1,2025-09-25,2026-09-25,2026-09-25T05:57:47+00:00
M533,0,0,0,,0,0,2025-09-25,2026-09-25,2026-09-25T05:57:47+00:00
M534,2,11,2,2026-01-23,5,94,2025-09-25,2026-09-25,2026-09-25T05:57:47+00:00
M535,0,0,0,,0,0,2025-09-25,2026-09-25,2026-09-25T05:57:47+00:00
M536,331,3097,16,2026-09-22,626,2433,2025-09-25,2026-09-25,2026-09-25T05:57:47+00:00
M537,273,2280,15,2026-09-22,510,559,2025-09-25,2026-09-25,2026-09-25T05:57:47+00:00
M538,296,2112,7,2026-09-22,617,231,2025-09-25,2026-09-25,2026-09-25T05:57:47+00:00
M539,481,4067,14,2026-09-24,792,447,2025-09-25,2026-09-25,2026-09-25T05:57:47+00:00
M540,52,77,9,2026-08-24,136,620,2025-09-25,2026-09-25,2026-09-25T05:57:47+00:00
M541,0,0,0,,0,0,2025-09-25,2026-09-25,2026-09-25T05:57:47+00:00
M542,0,0,0,,0,0,2025-09-25,2026-09-25,2026-09-25T05:57:47+00:00
M543,351,2980,15,2026-09-24,621,1270,2025-09-25,2026-09-25,2026-09-25T05:57:47+00:00
M544,0,0,0,,0,0,2025-09-25,2026-09-25,2026-09-25T05:57:47+00:00
M545,194,1715,11,2026-09-24,352,707,2025-09-25,2026-09-25,2026-09-25T05:57:47+00:00
M546,211,1360,4,2026-09-23,407,2,2025-09-25,2026-09-25,2026-09-25T05:57:47+00:00
M547,4,113,3,2026-04-02,9,500,2025-09-25,2026-09-25,2026-09-25T05:57:47+00:00
M548,257,1808,15,2026-09-22,488,1115,2025-09-25,2026-09-25,2026-09-25T05:57:47+00:00
M549,184,1196,13,2026-09-22,295,123,2025-09-25,2026-09-25,2026-09-25T05:57:47+00:00
M601,148,593,12,2026-09-22,242,171,2025-09-25,2026-09-25,2026-09-25T05:57:47+00:00
M602,4,15,4,2026-08-10,8,2,2025-09-25,2026-09-25,2026-09-25T05:57:47+00:00
M603,235,2134,13,2026-09-22,429,2410,2025-09-25,2026-09-25,2026-09-25T05:57:47+00:00
M604,123,623,8,2026-09-22,209,380,2025-09-25,2026-09-25,2026-09-25T05:57:47+00:00
M605,0,0,0,,0,0,2025-09-25,2026-09-25,2026-09-25T05:57:47+00:00
M606,264,3095,13,2026-09-22,493,400,2025-09-25,2026-09-25,2026-09-25T05:57:47+00:00
M607,0,0,0,,0,0,2025-09-25,2026-09-25,2026-09-25T05:57:47+00:00
M608,368,4010,17,2202-09-08,647,2274,2025-09-25,2026-09-25,2026-09-25T05:57:47+00:00
M609,155,1318,15,2026-09-24,398,1265,2025-09-25,2026-09-25,2026-09-25T05:57:47+00:00
M610,353,3824,15,2026-09-24,681,2039,2025-09-25,2026-09-25,2026-09-25T05:57:47+00:00
M611,287,2834,12,2026-09-21,635,2209,2025-09-25,2026-09-25,2026-09-25T05:57:47+00:00
M612,0,0,0,,0,1,2025-09-25,2026-09-25,2026-09-25T05:57:47+00:00
M613,2,15,2,2026-02-10,3,113,2025-09-25,2026-09-25,2026-09-25T05:57:47+00:00
M614,0,0,0,,0,0,2025-09-25,2026-09-25,2026-09-25T05:57:47+00:00
M615,273,2441,13,2026-09-23,531,412,2025-09-25,2026-09-25,2026-09-25T05:57:47+00:00
M616,77,646,5,2026-09-23,155,6,2025-09-25,2026-09-25,2026-09-25T05:57:47+00:00
M617,115,709,5,2026-09-17,229,70,2025-09-25,2026-09-25,2026-09-25T05:57:47+00:00
M618,1,7,1,2026-01-16,4,157,2025-09-25,2026-09-25,2026-09-25T05:57:47+00:00
M619,3,47,3,2026-02-06,7,539,2025-09-25,2026-09-25,2026-09-25T05:57:47+00:00
M620,0,0,0,,0,0,2025-09-25,2026-09-25,2026-09-25T05:57:47+00:00
M621,236,2200,14,2026-09-22,436,956,2025-09-25,2026-09-25,2026-09-25T05:57:47+00:00
M622,223,2292,13,2026-09-22,420,1766,2025-09-25,2026-09-25,2026-09-25T05:57:47+00:00
M623,79,664,5,2026-09-18,147,88,2025-09-25,2026-09-25,2026-09-25T05:57:47+00:00
M624,125,735,12,2026-09-22,184,163,2025-09-25,2026-09-25,2026-09-25T05:57:47+00:00
M625,71,493,3,2026-09-22,98,77,2025-09-25,2026-09-25,2026-09-25T05:57:47+00:00
M626,0,0,0,,0,0,2025-09-25,2026-09-25,2026-09-25T05:57:47+00:00
M627,17,736,10,2026-09-24,17,0,2025-09-25,2026-09-25,2026-09-25T05:57:47+00:00
M950,0,0,0,,0,275,2025-09-25,2026-09-25,2026-09-25T05:57:47+00:00
MGAM,0,0,0,,0,45,2025-09-25,2026-09-25,2026-09-25T05:57:47+00:00
N001,0,0,0,,0,0,2025-09-25,2026-09-25,2026-09-25T05:57:47+00:00
N002,0,0,0,,0,0,2025-09-25,2026-09-25,2026-09-25T05:57:47+00:00
N003,109,841,13,2026-09-23,198,206,2025-09-25,2026-09-25,2026-09-25T05:57:47+00:00
N004,0,0,0,,0,4,2025-09-25,2026-09-25,2026-09-25T05:57:47+00:00
N005,118,884,12,2026-09-24,201,230,2025-09-25,2026-09-25,2026-09-25T05:57:47+00:00
N006,0,0,0,,0,0,2025-09-25,2026-09-25,2026-09-25T05:57:47+00:00
N100,0,0,0,,0,12,2025-09-25,2026-09-25,2026-09-25T05:57:47+00:00
OGAM,0,0,0,,0,0,2025-09-25,2026-09-25,2026-09-25T05:57:47+00:00
PGAM,2,4,1,2025-12-01,21,0,2025-09-25,2026-09-25,2026-09-25T05:57:47+00:00
RFCD,0,0,0,,0,0,2025-09-25,2026-09-25,2026-09-25T05:57:47+00:00
RFSA,0,0,0,,0,0,2025-09-25,2026-09-25,2026-09-25T05:57:47+00:00
RFTD,0,0,0,,0,0,2025-09-25,2026-09-25,2026-09-25T05:57:47+00:00
RFTG,0,0,0,,0,0,2025-09-25,2026-09-25,2026-09-25T05:57:47+00:00
RGAM,317,949,19,2026-09-17,700,20,2025-09-25,2026-09-25,2026-09-25T05:57:47+00:00
S001,2,3,2,2026-01-09,3,0,2025-09-25,2026-09-25,2026-09-25T05:57:47+00:00
S004,935,5884,23,2026-09-24,1748,1313,2025-09-25,2026-09-25,2026-09-25T05:57:47+00:00
S005,0,0,0,,0,0,2025-09-25,2026-09-25,2026-09-25T05:57:47+00:00
S006,5,118,4,2026-09-18,7,0,2025-09-25,2026-09-25,2026-09-25T05:57:47+00:00
S007,1,9,1,2026-09-18,3,0,2025-09-25,2026-09-25,2026-09-25T05:57:47+00:00
S008,2,46,2,2026-09-23,3,0,2025-09-25,2026-09-25,2026-09-25T05:57:47+00:00
S011,6,20,4,2026-09-22,10,15,2025-09-25,2026-09-25,2026-09-25T05:57:47+00:00
S012,4,7,2,2026-07-17,9,0,2025-09-25,2026-09-25,2026-09-25T05:57:47+00:00
S014,2,3,2,2026-09-03,4,1,2025-09-25,2026-09-25,2026-09-25T05:57:47+00:00
S020,0,0,0,,0,0,2025-09-25,2026-09-25,2026-09-25T05:57:47+00:00
S050,32,224,1,2026-09-24,32,0,2025-09-25,2026-09-25,2026-09-25T05:57:47+00:00
VCOR,398,768,13,2026-09-24,640,53,2025-09-25,2026-09-25,2026-09-25T05:57:47+00:00
VNOR,206,282,6,2026-09-24,334,50,2025-09-25,2026-09-25,2026-09-25T05:57:47+00:00
VPRO,200,369,6,2026-09-23,276,14,2025-09-25,2026-09-25,2026-09-25T05:57:47+00:00
ZGAM,0,0,0,,0,0,2025-09-25,2026-09-25,2026-09-25T05:57:47+00:00
